state_name;state;rb;kreis;vb;gem;city;area;inhabitants_2024;
Nordrhein-Westfalen;;;;;ac;Aachen;160,85;262670;
Baden-Württemberg;8;1;36;5001;088;Aalen;146,58;68816;
Baden-Württemberg;8;4;26;5005;001;Achstetten;23,38;5120;
Mecklenburg-Vorpommern;13;0;71;5163;004;Altentreptow;53,07;5263;
Rheinland-Pfalz;7;3;31;0003;003;Alzey;35,22;19265;
Thüringen;16;0;70;0004;004;Arnstadt;104,99;28124;
Thüringen;16;0;65;5055;086;Artern;45,05;6635;
Bayern;;;;;au;Augsburg;146,85;301105;
Brandenburg;12;0;69;0020;020;Bad Belzig;236,09;11172;
Sachsen-Anhalt;15;0;88;0020;020;Bad Dürrenberg;36,15;11752;
Rheinland-Pfalz;7;1;38;5002;004;Bad Hönningen;20,09;6133;
Rheinland-Pfalz;7;1;33;0006;006;Bad Kreuznach;55,56;52529;
Sachsen;14;7;29;5301;010;Bad Lausick;70,02;8191;
Baden-Württemberg;8;2;15;5001;100;Bad Schönborn;24,1;13239;
Baden-Württemberg;8;2;11;0000;000;Baden-Baden;140,19;57025;
Baden-Württemberg;8;2;37;0004;004;Baiersbronn;189,58;14942;
Sachsen-Anhalt;15;0;83;0040;040;Barleben;29,75;9238;
Brandenburg;12;0;69;0017;017;Beelitz;181,3;13219;
Nordrhein-Westfalen;;;;;bg;Bergisch Gladbach;83,09;111361;
Brandenburg;12;0;60;0020;020;Bernau bei Berlin;104,19;43685;
Sachsen-Anhalt;15;0;86;0005;005;Biederitz;39,4;8744;
Nordrhein-Westfalen;;;;;bi;Bielefeld;258,83;331605;
Rheinland-Pfalz;7;1;34;5002;010;Birkenfeld;13,64;7220;
Sachsen-Anhalt;15;0;90;0070;070;Bismark;289,49;7909;
Baden-Württemberg;8;3;26;0005;005;Blumberg;98,72;10256;
Baden-Württemberg;8;1;15;0003;003;Böblingen;39,04;51460;
Nordrhein-Westfalen;;;;;bo;Bochum;145,66;358676;
Nordrhein-Westfalen;;;;;bn;Bonn;141,06;323336;
Rheinland-Pfalz;7;1;40;0501;501;Boppard;74,88;15616;
Sachsen-Anhalt;15;0;89;0042;042;Bördeland;92,39;7507;
Nordrhein-Westfalen;;;;;bt;Bottrop;100,61;118535;
Brandenburg;12;0;51;0000;000;Brandenburg an der Havel;229,72;73609;
Niedersachsen;;;;;bs;Braunschweig;192,7;252962;
Bremen;;;;;br;Bremen;318,2;586271;
Bremen;;;;;bh;Bremerhaven;101,41;118610;
Brandenburg;12;0;63;0036;036;Brieselang;44,26;13118;
Mecklenburg-Vorpommern;13;0;72;5252;020;Bützow;39,85;8181;
Sachsen-Anhalt;15;0;89;0055;055;Calbe (Saale);56,7;8222;
Sachsen;14;5;11;0000;000;Chemnitz;221,03;245618;
Brandenburg;12;0;52;0000;000;Cottbus;165,62;95123;
Hessen;;;;;da;Darmstadt;122,07;167029;
Niedersachsen;;;;;dl;Delmenhorst;;81406;
Sachsen-Anhalt;15;0;01;0000;000;Dessau-Roßlau;245,05;79655;
Saarland;10;0;44;0111;111;Dillingen (Saar);22,05;19989;
Baden-Württemberg;8;1;18;0011;011;Ditzingen;30,38;25145;
Thüringen;16;0;74;5015;011;Dornburg-Camburg;30,77;5307;
Nordrhein-Westfalen;;;;;do;Dortmund;280,71;603462;
Sachsen;14;6;12;0000;000;Dresden;328,48;564904;
Nordrhein-Westfalen;;;;;ds;Düsseldorf;217,41;618685;
Nordrhein-Westfalen;;;;;du;Duisburg;232,84;502270;
Mecklenburg-Vorpommern;13;0;72;0029;029;Dummerstorf;120,28;7624;
Sachsen;14;6;26;0085;085;Ebersbach-Neugersdorf;20,45;11441;
Brandenburg;12;0;60;0052;052;Eberswalde;93,62;41461;
Sachsen;14;5;21;0170;170;Eibenstock;112,24;7035;
Niedersachsen;;;;;em;Emden;;49202;
Thüringen;16;0;51;0000;000;Erfurt;269,91;218793;
Bayern;;;;;er;Erlangen;76,96;115928;
Baden-Württemberg;8;1;25;5008;027;Erlenbach;12,73;5205;
Nordrhein-Westfalen;;;;;es;Essen;210,34;574682;
Baden-Württemberg;8;1;16;0019;019;Esslingen am Neckar;46,43;94941;
Brandenburg;12;0;63;0080;080;Falkensee;43,34;44806;
Brandenburg;12;0;71;0076;076;Forst (Lausitz);110,69;17855;
Thüringen;16;0;72;0023;023;Frankenblick;60,65;5617;
Brandenburg;12;0;53;0000;000;Frankfurt (Oder);147,85;58230;
Hessen;;;;;ff;Frankfurt am Main;248,31;756021;
Brandenburg;12;0;64;0136;136;Fredersdorf-Vogelsdorf;16,42;14613;
Sachsen;14;5;22;0180;180;Freiberg;48,31;40485;
Baden-Württemberg;8;3;11;0000;000;Freiburg im Breisgau;153,04;237460;
Saarland;10;0;46;0111;111;Freisen;48,09;7887;
Baden-Württemberg;8;4;35;5002;016;Friedrichshafen;69,93;62932;
Sachsen;14;7;29;0140;140;Frohburg;145,29;12305;
Bayern;;;;;fu;Fürth;63,35;132036;
Brandenburg;12;0;65;0084;084;Fürstenberg (Havel);213,85;5816;
Mecklenburg-Vorpommern;13;0;74;5452;021;Gadebusch;47,76;5457;
Nordrhein-Westfalen;;;;;ge;Gelsenkirchen;104,94;267930;
Thüringen;16;0;67;5054;092;Georgenthal;79,17;7991;
Thüringen;16;0;52;0000;000;Gera;152,18;93634;
Sachsen;14;6;28;0130;130;Glashütte;95,64;6657;
Niedersachsen;;;;;go;Göttingen;117,02;127259;
Sachsen-Anhalt;15;0;86;0055;055;Gommern;160,11;10485;
Baden-Württemberg;8;1;17;5005;026;Göppingen;59,21;59053;
Sachsen;14;6;26;0110;110;Görlitz;67,53;56574;
Mecklenburg-Vorpommern;13;0;76;5657;050;Grabow;72,27;5615;
Brandenburg;12;0;65;5502;100;Gransee;121,68;6046;
Mecklenburg-Vorpommern;13;0;75;0039;039;Greifswald;50,81;59691;
Mecklenburg-Vorpommern;13;0;73;0035;035;Grimmen;50,51;9586;
Brandenburg;12;0;66;0112;112;Großräschen;81,86;8445;
Sachsen;14;6;25;0200;200;Großröhrsdorf;40,94;9679;
Mecklenburg-Vorpommern;13;0;72;0043;043;Güstrow;71,09;29556;
Nordrhein-Westfalen;;;;;gt;Gütersloh;;100479;
Nordrhein-Westfalen;;;;;ha;Hagen;160,45;190384;
Mecklenburg-Vorpommern;13;0;76;0060;060;Hagenow;67,54;12399;
Sachsen;14;5;22;0230;230;Hainichen;51,74;8448;
Sachsen-Anhalt;15;0;83;0270;270;Haldensleben;156,31;19267;
Sachsen-Anhalt;15;0;02;0000;000;Halle (Saale);135,56;226767;
Nordrhein-Westfalen;;;;;hm;Hamm;226,66;179968;
Niedersachsen;;;;;hv;Hannover;204,3;522131;
Rheinland-Pfalz;7;3;32;0025;025;Haßloch;39,95;20387;
Baden-Württemberg;8;2;21;0000;000;Heidelberg;108,83;155756;
Baden-Württemberg;8;1;35;5002;019;Heidenheim an der Brenz;107,09;50025;
Baden-Württemberg;8;1;21;0000;000;Heilbronn;99,89;131986;
Rheinland-Pfalz;7;1;32;5003;050;Herdorf;17,99;6651;
Mecklenburg-Vorpommern;13;0;75;0049;049;Heringsdorf;37,81;8425;
Nordrhein-Westfalen;;;;;he;Herne;51,42;155851;
Niedersachsen;;;;;hi;Hildesheim;;98510;
Sachsen-Anhalt;15;0;84;0235;235;Hohenmölsen;75,32;9457;
Baden-Württemberg;8;3;26;5001;027;Hüfingen;58,53;7976;
Bayern;;;;;in;Ingolstadt;133,35;141185;
Thüringen;16;0;53;0000;000;Jena;114,77;109725;
Rheinland-Pfalz;7;3;12;0000;000;Kaiserslautern;139,7;100426;
Sachsen-Anhalt;15;0;81;0240;240;Kalbe (Milde);272,84;7407;
Baden-Württemberg;8;3;36;5001;045;Kandern;62,26;8537;
Baden-Württemberg;8;2;12;0000;000;Karlsruhe;173,42;309050;
Hessen;;;;;ka;Kassel;106,79;197230;
Baden-Württemberg;8;2;36;0070;070;Keltern;29,82;9100;
Schleswig-Holstein;;;;;ki;Kiel;118,65;252668;
Sachsen;14;5;24;5111;130;Kirchberg;39,56;8082;
Rheinland-Pfalz;7;3;33;5004;039;Kirchheimbolanden;26,36;7998;
Brandenburg;12;0;69;0304;304;Kleinmachnow;11,91;20341;
Rheinland-Pfalz;7;1;11;0000;000;Koblenz;105,25;113378;
Nordrhein-Westfalen;;;;;ko;Köln;405,02;1024621;
Thüringen;16;0;73;5054;112;Königsee;103,01;7176;
Baden-Württemberg;8;3;35;5004;043;Konstanz;54,12;85859;
Nordrhein-Westfalen;;;;;kr;Krefeld;137,77;231406;
Mecklenburg-Vorpommern;13;0;72;5257;062;Laage;114,9;6549;
Rheinland-Pfalz;7;1;41;0075;075;Lahnstein;37,62;18433;
Sachsen;14;6;25;0310;310;Lauta;42,14;8082;
Sachsen;14;5;21;0355;355;Lauter-Bernsbach;30,28;8410;
Saarland;10;0;44;0112;112;Lebach;64,21;19095;
Brandenburg;12;0;65;0180;180;Leegebruch;6,45;6914;
Thüringen;16;0;61;0115;115;Leinefelde-Worbis;115,79;20119;
Sachsen;14;7;13;0000;000;Leipzig;297,8;611850;
Nordrhein-Westfalen;;;;;le;Leverkusen;78,87;168581;
Rheinland-Pfalz;7;3;34;5005;017;Lingenfeld;15,21;5832;
Saarland;10;0;42;0112;112;Losheim am See;96,95;16133;
Sachsen;14;7;29;0245;245;Lossatal;111,17;6178;
Brandenburg;12;0;61;0320;320;Luckau;207,44;9501;
Baden-Württemberg;8;1;18;0048;048;Ludwigsburg;43,34;94157;
Rheinland-Pfalz;7;3;14;0000;000;Ludwigshafen am Rhein;77,43;176614;
Mecklenburg-Vorpommern;13;0;76;0090;090;Ludwigslust;78,64;12270;
Schleswig-Holstein;;;;;lb;Lübeck;214,19;216889;
Sachsen-Anhalt;15;0;03;0000;000;Magdeburg;201,68;244329;
Rheinland-Pfalz;7;3;15;0000;000;Mainz;97,73;224684;
Saarland;10;0;45;0116;116;Mandelbachtal;57,71;10566;
Baden-Württemberg;8;2;22;0000;000;Mannheim;144,97;318035;
Saarland;10;0;46;0112;112;Marpingen;39,83;9935;
Thüringen;16;0;66;5050;042;Meiningen;123,03;25582;
Baden-Württemberg;8;4;37;5002;076;Mengen;49,82;9995;
Saarland;10;0;42;0114;114;Mettlach;77,82;12082;
Sachsen-Anhalt;15;0;86;0140;140;Möckern;524,85;12918;
Nordrhein-Westfalen;;;;;mg;Mönchengladbach;170,47;267213;
Nordrhein-Westfalen;;;;;mo;Moers;67,64;101503;
Nordrhein-Westfalen;;;;;mh;Mülheim an der Ruhr;91,28;173050;
Bayern;;;;;mu;München;310,7;1505005;
Nordrhein-Westfalen;;;;;ms;Münster;303,28;308258;
Mecklenburg-Vorpommern;13;0;71;0107;107;Neubrandenburg;86,12;63989;
Thüringen;16;0;72;5051;013;Neuhaus am Rennweg;108,22;8927;
Nordrhein-Westfalen;;;;;ne;Neuss;99,52;154317;
Rheinland-Pfalz;7;3;16;0000;000;Neustadt an der Weinstraße;117,09;53981;
Mecklenburg-Vorpommern;13;0;76;5660;105;Neustadt-Glewe;94,05;6931;
Mecklenburg-Vorpommern;13;0;71;0110;110;Neustrelitz;139,89;20340;
Rheinland-Pfalz;7;1;38;0045;045;Neuwied;86,5;65986;
Rheinland-Pfalz;7;3;39;5006;042;Nieder-Olm;11,22;10362;
Thüringen;16;0;77;5051;036;Nobitz;100,37;7127;
Saarland;10;0;46;0114;114;Nohfelden;100,82;9934;
Bayern;;;;;nu;Nürnberg;186,44;529508;
Nordrhein-Westfalen;;;;;ob;Oberhausen;77,09;213646;
Sachsen;14;5;24;0230;230;Oberlungwitz;14,68;5827;
Saarland;10;0;46;0116;116;Oberthal;23,87;5978;
Sachsen-Anhalt;15;0;83;0411;411;Oebisfelde-Weferlingen;249,36;13566;
Baden-Württemberg;8;1;25;5001;078;Oedheim;21,24;6598;
Hessen;;;;;of;Offenbach am Main;44,88;132746;
Baden-Württemberg;8;3;17;5010;096;Offenburg;78,37;61670;
Niedersachsen;;;;;;Oldenburg;103,09;177222;
Niedersachsen;;;;;os;Osnabrück;119,8;166057;
Rheinland-Pfalz;7;3;31;5007;055;Osthofen;18,62;9736;
Saarland;10;0;43;0115;115;Ottweiler;45,56;14543;
Nordrhein-Westfalen;;;;;pb;Paderborn;179,59;156378;
Mecklenburg-Vorpommern;13;0;75;0105;105;Pasewalk;55,21;9811;
Sachsen-Anhalt;15;0;88;0295;295;Petersberg;102,69;9366;
Baden-Württemberg;8;2;31;0000;000;Pforzheim;97,99;134912;
Mecklenburg-Vorpommern;13;0;76;5663;114;Plau am See;116,27;6231;
Sachsen;14;5;23;0320;320;Plauen;102,11;64763;
Thüringen;16;0;75;0085;085;Pößneck;24,43;11752;
Brandenburg;12;0;54;0000;000;Potsdam;188,24;184754;
Brandenburg;12;0;63;0244;244;Premnitz;46,27;8335;
Rheinland-Pfalz;7;2;32;5006;296;Prüm;22,86;5536;
Sachsen;14;6;25;5231;450;Pulsnitz;26,76;7359;
Brandenburg;12;0;72;0340;340;Rangsdorf;33,79;11695;
Rheinland-Pfalz;7;1;43;5005;062;Ransbach-Baumbach;12,15;8082;
Baden-Württemberg;8;2;16;5005;043;Rastatt;58,98;51310;
Baden-Württemberg;8;4;36;5005;064;Ravensburg;92,05;51482;
Nordrhein-Westfalen;;;;;re;Recklinghausen;66,5;115344;
Bayern;;;;;rg;Regensburg;80,86;151389;
Sachsen;14;5;24;0250;250;Reinsdorf;21,25;7282;
Nordrhein-Westfalen;;;;;rs;Remscheid;74,52;113828;
Baden-Württemberg;8;4;15;0061;061;Reutlingen;87,04;118852;
Rheinland-Pfalz;7;3;34;5003;024;Rheinzabern;12,77;5018;
Saarland;10;0;41;0517;517;Riegelsberg;14,65;14360;
Sachsen;14;5;22;5126;490;Rochlitz;23,76;5688;
Rheinland-Pfalz;7;3;33;5007;502;Rockenhausen;36,83;5397;
Rheinland-Pfalz;7;3;40;5004;038;Rodalben;15,69;6675;
Thüringen;16;0;69;0062;062;Römhild;122,45;6661;
Mecklenburg-Vorpommern;13;0;03;0000;000;Rostock;181,36;205307;
Thüringen;16;0;73;0077;077;Saalfeld (Saale);145,56;29224;
Saarland;10;0;41;0100;100;Saarbrücken;167,52;182971;
Saarland;10;0;44;0116;116;Saarwellingen;41,67;13302;
Niedersachsen;;;;;sa;Salzgitter;224,49;104970;
Sachsen-Anhalt;15;0;81;0455;455;Salzwedel;304,57;23543;
Baden-Württemberg;8;2;26;0076;076;Sandhausen;14,55;15455;
Sachsen-Anhalt;15;0;87;0370;370;Sangerhausen;207,71;25441;
Baden-Württemberg;8;3;15;5014;098;Schallstadt;19,56;6499;
Sachsen;14;6;25;0525;525;Schirgiswalde-Kirschau;24,34;6057;
Thüringen;16;0;75;0098;098;Schleiz;108,21;8866;
Brandenburg;12;0;60;0198;198;Schorfheide;238,18;10252;
Mecklenburg-Vorpommern;13;0;72;5261;095;Schwaan;38,28;5070;
Baden-Württemberg;8;1;36;5007;065;Schwäbisch Gmünd;113,81;62325;
Mecklenburg-Vorpommern;13;0;04;0000;000;Schwerin;130,52;98596;
Brandenburg;12;0;64;0448;448;Seelow;42,73;5628;
Nordrhein-Westfalen;;;;;si;Siegen;114,69;102685;
Baden-Württemberg;8;4;37;5006;104;Sigmaringen;92,84;18375;
Baden-Württemberg;8;1;15;0045;045;Sindelfingen;50,83;64995;
Nordrhein-Westfalen;;;;;sg;Solingen;89,54;165626;
Thüringen;16;0;68;0051;051;Sömmerda;87,56;19156;
Thüringen;16;0;72;0018;018;Sonneberg;84,69;23507;
Rheinland-Pfalz;7;3;18;0000;000;Speyer;42,71;51368;
Saarland;10;0;43;0117;117;Spiesen-Elversberg;11,42;12797;
Sachsen-Anhalt;15;0;89;0310;310;Staßfurt;146,67;24293;
Mecklenburg-Vorpommern;13;0;71;5162;142;Stavenhagen (Reuterstadt);41,02;5803;
Baden-Württemberg;8;1;35;0032;032;Steinheim am Albuch;82,43;8834;
Baden-Württemberg;8;3;35;5005;077;Steißlingen;24,52;5034;
Mecklenburg-Vorpommern;13;0;73;0088;088;Stralsund;54,59;59363;
Baden-Württemberg;8;1;11;0000;000;Stuttgart;207,33;612633;
Thüringen;16;0;64;0074;074;Südeichsfeld;64;6624;
Baden-Württemberg;8;3;25;5006;057;Sulz am Neckar;87,62;12724;
Saarland;10;0;41;0518;518;Sulzbach (Saar);16,07;16353;
Mecklenburg-Vorpommern;13;0;73;5356;090;Sundhagen;159,81;5339;
Sachsen-Anhalt;15;0;90;0550;550;Tangermünde;89,99;10283;
Saarland;10;0;46;0118;118;Tholey;57,55;12160;
Rheinland-Pfalz;7;2;31;5009;124;Traben-Trarbach;31,35;5748;
Rheinland-Pfalz;7;2;11;0000;000;Trier;117,06;104342;
Baden-Württemberg;8;4;16;0041;041;Tübingen;108,07;92811;
Baden-Württemberg;8;3;37;5004;128;Ühlingen-Birkendorf;77,08;5459;
Thüringen;16;0;73;0109;109;Uhlstädt-Kirchhasel;121,64;5505;
Baden-Württemberg;8;4;21;0000;000;Ulm;118,68;129882;
Baden-Württemberg;8;3;26;5004;074;Villingen-Schwenningen;165,53;88213;
Saarland;10;0;41;0519;519;Völklingen;67,1;40192;
Saarland;10;0;42;0116;116;Wadern;111,14;15885;
Saarland;10;0;44;0120;120;Wadgassen;25,91;17016;
Baden-Württemberg;8;2;15;0106;106;Waghäusel;42,84;21444;
Baden-Württemberg;8;1;19;0079;079;Waiblingen;42,75;56081;
Saarland;10;0;44;0121;121;Wallerfangen;42,22;9358;
Mecklenburg-Vorpommern;13;0;71;0156;156;Waren (Müritz);159,46;21267;
Thüringen;16;0;66;5013;086;Wasungen;89,08;5437;
Thüringen;16;0;55;0000;000;Weimar;84,47;65620;
Sachsen;14;6;27;0310;310;Weinböhla;19,02;10549;
Saarland;10;0;42;0117;117;Weiskirchen;33,65;6354;
Sachsen-Anhalt;15;0;84;0550;550;Weißenfels;113,57;39041;
Sachsen;14;6;26;5242;600;Weißwasser;63,43;15136;
Sachsen-Anhalt;15;0;88;0216;216;Wettin-Löbejün;127,14;9747;
Hessen;;;;;wi;Wiesbaden;203,87;288850;
Niedersachsen;;;;;wv;Wilhelmshaven;;75745;
Rheinland-Pfalz;7;3;33;5006;503;Winnweiler;21,8;5001;
Niedersachsen;;;;;wo;Wolfsburg;204,62;129560;
Rheinland-Pfalz;7;3;19;0000;000;Worms;108,73;84646;
Rheinland-Pfalz;7;3;34;0501;501;Wörth am Rhein;131,62;18350;
Bayern;;;;;wz;Würzburg;87,6;133258;
Nordrhein-Westfalen;;;;;wu;Wuppertal;168,39;358193;
Brandenburg;12;0;63;0357;357;Wustermark;52,88;10922;
Thüringen;16;0;63;0092;092;Wutha-Farnroda;36,61;6436;
Baden-Württemberg;8;3;37;5008;123;Wutöschingen;26,47;6766;
Mecklenburg-Vorpommern;13;0;76;5667;159;Zarrentin am Schaalsee;91,9;5484;
Sachsen-Anhalt;15;0;82;0430;430;Zerbst;468,94;21519;
Brandenburg;12;0;72;0477;477;Zossen;180,39;21433;
Sachsen;14;5;21;5139;700;Zschorlau;21,93;5166;
Rheinland-Pfalz;7;3;20;0000;000;Zweibrücken;70,64;34534;
Sachsen;14;5;24;0330;330;Zwickau;102,58;87172;
;;;;;;;;;
