filename;content_hash;bytes;document_type;program_scope;classification_reason;municipality_used;party;election_year;matched_main_by_content;matched_main_filenames;document_id;main_use_id;ags;ags_source
Bad Lausick_AfD_2024.txt;78d033ab515560d73bf7cfe372e52e1a696b4010e9b968eb3585810ac567e118;17215;anderes kommunales Wahlprogramm;Landkreis und Gemeinden;explizite Doppeladressierung Kreis/Gemeinden;Bad Lausick;AfD;2024.0;yes;Bad Lausick_AfD_2024.txt|Lossatal_AfD_2024.txt;DOC-78d033ab5155;USE-8d457eb53988|USE-58b98984df4d;14729010;local_cities_components
Bad Lausick_CDU_2024.txt;bf706ea66dc5be9237f1cda39acc29f24248f6638c9ec98ab03a500788e70f80;22378;anderes kommunales Wahlprogramm;Landkreis und Gemeinden;explizite Doppeladressierung Kreis/Gemeinden;Lossatal;CDU;2024.0;yes;Lossatal_CDU_2024.txt|Bad Lausick_CDU_2024.txt;DOC-bf706ea66dc5;USE-8bde3143e5ce|USE-baa0f6acfcb1;14729245;local_cities_components
Baiersbronn_CDU_2024.txt;f828eeb11e9bbb59d21fa4d0b0070a5e06c094d4cafd5216e15b0e0be4d53299;1840;anderes kommunales Wahlprogramm;Landkreis;expliziter Kreis-/Landkreisbezug;Baiersbronn;CDU;2024.0;yes;Baiersbronn_CDU_2024.txt;DOC-f828eeb11e9b;USE-782126c399d8;08237004;local_cities_components
Barleben_Linke_2024.txt;0fb410a301efa6936481e6be23ae0385d96739cf2068d74923a7fbeca93bc703;4176;anderes kommunales Wahlprogramm;Landkreis und Gemeinden;explizite Doppeladressierung Kreis/Gemeinden;Barleben;Linke;2024.0;yes;Barleben_Linke_2024.txt;DOC-0fb410a301ef;USE-a7a123bff7b2;15083040;local_cities_components
Beelitz_FDP_2024.txt;c79fb6ffe983d460cf9bd608fc9b164472a8adb4ce397481b741372d2691e852;2356;anderes kommunales Wahlprogramm;Landkreis;expliziter Kreis-/Landkreisbezug;Beelitz;FDP;2024.0;yes;Beelitz_FDP_2024.txt;DOC-c79fb6ffe983;USE-e7f6dc8bc970;12069017;local_cities_components
Brieselang_AfD_2024.txt;30290c652b61991706247277856e3d35271ac669959eec3a0aa2b66865bd646d;21352;anderes kommunales Wahlprogramm;Landkreis und Gemeinden;explizite Doppeladressierung Kreis/Gemeinden;Brieselang;AfD;2024.0;yes;Brieselang_AfD_2024.txt;DOC-30290c652b61;USE-8c290010457e;12063036;local_cities_components
Bützow_CDU_2024.txt;d63dbc527ca1e25ec013392f2e65457152835ca43702a829d3183ed26ec40619;6934;anderes kommunales Wahlprogramm;Landkreis und Gemeinden;explizite Doppeladressierung Kreis/Gemeinden;Bützow;CDU;2024.0;yes;Bützow_CDU_2024.txt;DOC-d63dbc527ca1;USE-e087e967551c;13072020;local_cities_components
Bützow_Linke_2024.txt;a54b8a6a18290b794750bbeea350f7468e4b43b36e883160d503a378482da34e;4010;anderes kommunales Wahlprogramm;Landkreis;expliziter Kreis-/Landkreisbezug;Bützow;Linke;2024.0;yes;Bützow_Linke_2024.txt;DOC-a54b8a6a1829;USE-8368f09598e1;13072020;local_cities_components
Ditzingen_AfD_2024.txt;c41e71a059342e37f42554bebee9747fd38fc34ca0ff56509c33e155a3b93a68;122240;anderes kommunales Wahlprogramm;Landkreis und Gemeinden;explizite Doppeladressierung Kreis/Gemeinden;Ditzingen;AfD;2024.0;yes;Ditzingen_AfD_2024.txt;DOC-c41e71a05934;USE-f2815a8b33c3;08118011;local_cities_components
Ditzingen_FDP_2024.txt;1da17ab98d1330c9404521dab842af2cc0ebfbba4da350b5487fb6f7f5d3db64;38554;anderes kommunales Wahlprogramm;Landkreis;expliziter Kreis-/Landkreisbezug;Ditzingen;FDP;2024.0;yes;Ditzingen_FDP_2024.txt;DOC-1da17ab98d13;USE-14ea56f6cccd;08118011;local_cities_components
Dornburg-Camburg_AfD_2024.txt;31de037ba39d42e7c8eebab14536f0fa689699da63b8c7b6160a6d2a128caa65;2732;anderes kommunales Wahlprogramm;Landkreis und Gemeinden;explizite Doppeladressierung Kreis/Gemeinden;Dornburg-Camburg;AfD;2024.0;yes;Dornburg-Camburg_AfD_2024.txt;DOC-31de037ba39d;USE-5daef5a42a9a;16074011;local_cities_components
Ebersbach-Neugersdorf_CDU_2024.txt;7b47ecd29d5c7233563721c8445148e75c2945ad40245efb3caa042c7dfa3b31;36659;anderes kommunales Wahlprogramm;Landkreis und Gemeinden;explizite Doppeladressierung Kreis/Gemeinden;Ebersbach-Neugersdorf;CDU;2024.0;yes;Ebersbach-Neugersdorf_CDU_2024.txt;DOC-7b47ecd29d5c;USE-c4774f45d1b9;14626085;local_cities_components
Ebersbach-Neugersdorf_Grüne_2024.txt;0ab85ecfcb6ff3c834a03d647a75a0bd516cdbd46711ca98069b30053925c603;19582;anderes kommunales Wahlprogramm;Landkreis und Gemeinden;explizite Doppeladressierung Kreis/Gemeinden;Ebersbach-Neugersdorf;Grüne;2024.0;yes;Ebersbach-Neugersdorf_Grüne_2024.txt;DOC-0ab85ecfcb6f;USE-875192c0a10a;14626085;local_cities_components
Ebersbach-Neugersdorf_Linke_2024.txt;5283dcbca5055b476a48c37697e76007956f74cd1667ed2d135be57751bef6a5;7108;anderes kommunales Wahlprogramm;Landkreis;expliziter Kreis-/Landkreisbezug;Ebersbach-Neugersdorf;Linke;2024.0;yes;Ebersbach-Neugersdorf_Linke_2024.txt;DOC-5283dcbca505;USE-4702c15abf49;14626085;local_cities_components
Eibenstock_SPD_2024.txt;d27f9fc881e9b8ad470737b9b74729e43b82935b40daccd815c95d617b8a6ae5;12049;anderes kommunales Wahlprogramm;Landkreis und Gemeinden;SPD-Erzgebirge regional programme reused across municipalities;Eibenstock;SPD;2024.0;yes;Eibenstock_SPD_2024.txt|Zschorlau_SPD_2024.txt;DOC-d27f9fc881e9;USE-eb06a2f3f113|USE-ea47b72618de;14521170;local_cities_components
Esslingen am Neckar_AfD_2024.txt;7672e1cdd72273755d76c66880d0d7ac86c95109bf536c23cd84c0525c583405;13807;anderes kommunales Wahlprogramm;Landkreis und Gemeinden;explizite Doppeladressierung Kreis/Gemeinden;Esslingen am Neckar;AfD;2024.0;yes;Esslingen am Neckar_AfD_2024.txt;DOC-7672e1cdd722;USE-432038020ce7;08116019;local_cities_components
Esslingen am Neckar_Linke_2024.txt;291d1e4626e76d636097c476a4577bcf70ec9e1792293a76d9f8e3efffb3c4fe;17351;anderes kommunales Wahlprogramm;Landkreis;expliziter Kreis-/Landkreisbezug;Esslingen am Neckar;Linke;2024.0;yes;Esslingen am Neckar_Linke_2024.txt;DOC-291d1e4626e7;USE-64e00b05a0b4;08116019;local_cities_components
Forst (Lausitz)_CDU_2024.txt;5466804ced544191a670f21cd0bec94fe1d2beca9b9b2bf6aa13f737869185b2;17091;anderes kommunales Wahlprogramm;Landkreis und Gemeinden;explizite Doppeladressierung Kreis/Gemeinden;Forst (Lausitz);CDU;2024.0;yes;Forst (Lausitz)_CDU_2024.txt;DOC-5466804ced54;USE-14961abeb4de;12071076;local_cities_components
Forst (Lausitz)_FDP_2024.txt;1b9453fbc55ede8a56e46f1fd23d90ced5cf4c101364fab063945ba0c348ba1b;25112;anderes kommunales Wahlprogramm;Landkreis und Gemeinden;explizite Doppeladressierung Kreis/Gemeinden;Forst (Lausitz);FDP;2024.0;yes;Forst (Lausitz)_FDP_2024.txt;DOC-1b9453fbc55e;USE-6208ea3675ef;12071076;local_cities_components
Forst (Lausitz)_Linke_2024.txt;1de2836d7158cc2fd2b32ed55e2e229e5c8a9585fa6cf0a2d19ba47068904465;39483;anderes kommunales Wahlprogramm;Landkreis;expliziter Kreis-/Landkreisbezug;Forst (Lausitz);Linke;2024.0;yes;Forst (Lausitz)_Linke_2024.txt;DOC-1de2836d7158;USE-e76d0c25100b;12071076;local_cities_components
Frankenblick_AfD-AfF_2024.txt;da58ba08396ab413c67190505d6860bfd3b64ad707a75de9f5bc300aeb9c6efc;2371;anderes kommunales Wahlprogramm;Landkreis;expliziter Kreis-/Landkreisbezug;Frankenblick;AfD-AfF;2024.0;yes;Frankenblick_AfD-AfF_2024.txt;DOC-da58ba08396a;USE-f091a7d30b70;16072023;local_cities_components
Fredersdorf-Vogelsdorf_Grüne_2024.txt;c2aafd2d08f67ff81ee0798707ee3cf8c162b38636187b9cdc9d154bc49ed5a5;39954;anderes kommunales Wahlprogramm;Landkreis;expliziter Kreis-/Landkreisbezug;Fredersdorf-Vogelsdorf;Grüne;2024.0;yes;Fredersdorf-Vogelsdorf_Grüne_2024.txt;DOC-c2aafd2d08f6;USE-8d5af02aff9b;12064136;local_cities_components
Friedrichshafen_AfD_2024.txt;89c4e0ea91ff88ee5a74da042f213af860ce100b9ec3c9655b5b6d9ff699b716;28145;anderes kommunales Wahlprogramm;Landkreis und Gemeinden;explizite Doppeladressierung Kreis/Gemeinden;Friedrichshafen;AfD;2024.0;yes;Friedrichshafen_AfD_2024.txt;DOC-89c4e0ea91ff;USE-b8f069a552f8;08435016;local_cities_components
Friedrichshafen_FWG_2024.txt;b2a575b8416d78d1f2554f1c72b19e97d8a423659b4fe52cef2679ad025a0e6b;4424;anderes kommunales Wahlprogramm;Landkreis und Gemeinden;explizite Doppeladressierung Kreis/Gemeinden;Friedrichshafen;FWG;2024.0;yes;Friedrichshafen_FWG_2024.txt;DOC-b2a575b8416d;USE-4d1c71a597ac;08435016;local_cities_components
Friedrichshafen_Linke_2024.txt;432ffd3eaa017aed77796f154013c102bed6daba7d922d08d9ba1ba1c01cf994;76441;anderes kommunales Wahlprogramm;Landkreis und Gemeinden;explizite Doppeladressierung Kreis/Gemeinden;Friedrichshafen;Linke;2024.0;yes;Friedrichshafen_Linke_2024.txt;DOC-432ffd3eaa01;USE-45b7d1bfa16b;08435016;local_cities_components
Frohburg_AfD_2024.txt;2568f6d287cb031571e96e4279862632bccb8f1b07d3d089fe3f813cb3137058;17233;anderes kommunales Wahlprogramm;Landkreis und Gemeinden;explizite Doppeladressierung Kreis/Gemeinden;Frohburg;AfD;2024.0;yes;Frohburg_AfD_2024.txt;DOC-2568f6d287cb;USE-fa170453f3f4;14729140;local_cities_components
Frohburg_Linke_2024.txt;0f08ec0b0cdf98b11d39eda8bab20885e3b3b8a18256f2b2acfb768496fb60b9;6620;anderes kommunales Wahlprogramm;Landkreis und Gemeinden;explizite Doppeladressierung Kreis/Gemeinden;Frohburg;Linke;2024.0;yes;Frohburg_Linke_2024.txt;DOC-0f08ec0b0cdf;USE-6b4dc9042a84;14729140;local_cities_components
Fürstenberg (Havel)_FDP_2024.txt;81b69e7cca023b4ea02e4365691e7a8a658a44d40f6d2f35ba148072e3c88a65;63859;anderes kommunales Wahlprogramm;Land;Landesverband/Landesebene explizit;Fürstenberg (Havel);FDP;2024.0;yes;Fürstenberg (Havel)_FDP_2024.txt;DOC-81b69e7cca02;USE-afa0f4e70a93;12065084;local_cities_components
Fürstenberg (Havel)_SPD_2024.txt;a120e6236e396fd176ae9d2e0ffdbe4deb5bcbf7b55cd3b5bd9764170642754a;30196;anderes kommunales Wahlprogramm;Land;Landesverband/Landesebene explizit;Fürstenberg (Havel);SPD;2024.0;yes;Fürstenberg (Havel)_SPD_2024.txt;DOC-a120e6236e39;USE-5b1f4516fbb0;12065084;local_cities_components
Grabow_CDU_2024 .txt;9db98a1296d8d0497cd07f1218a2c0d62184b5b5c7ad4d1289d65c6f68f4fadf;56082;anderes kommunales Wahlprogramm;Landkreis und Gemeinden;explizite Doppeladressierung Kreis/Gemeinden;Grabow;CDU;2024.0;yes;Grabow_CDU_2024 .txt;DOC-9db98a1296d8;USE-a17236634486;13076050;local_cities_components
Grabow_SPD_2024.txt;bb61fa93ce5b5a4b23157e7c9b62dae1f59817a95b051d4704e57367fdd30188;39655;anderes kommunales Wahlprogramm;Landkreis und Gemeinden;explizite Doppeladressierung Kreis/Gemeinden;Grabow;SPD;2024.0;yes;Grabow_SPD_2024.txt;DOC-bb61fa93ce5b;USE-0a12f6a37cb4;13076050;local_cities_components
Greifswald_AfD_2024.txt;fbf0a972b23276de47f34ec423e0c1c85ad2bf2fcb7b93d9060f2286963f5177;45895;anderes kommunales Wahlprogramm;Landkreis;expliziter Kreis-/Landkreisbezug;Greifswald;AfD;2024.0;yes;Greifswald_AfD_2024.txt;DOC-fbf0a972b232;USE-f82fc778fb18;13075039;local_cities_components
Grimmen_CDU_2024.txt;8c8dce258ff9d4ecb35ac59c24ab14dfe0971ba39a0d698d6d244dda7898ce1b;11538;anderes kommunales Wahlprogramm;Landkreis und Gemeinden;explizite Doppeladressierung Kreis/Gemeinden;Grimmen;CDU;2024.0;yes;Grimmen_CDU_2024.txt;DOC-8c8dce258ff9;USE-b4953e7dc8d1;13073035;local_cities_components
Großröhrsdorf_SPD_2024.txt;9980855cd1d32502462acfcbd6500937387b746af4d8fd9c1c58c60e8ccd1abf;10697;anderes kommunales Wahlprogramm;Landkreis und Gemeinden;explizite Doppeladressierung Kreis/Gemeinden;Großröhrsdorf;SPD;2024.0;yes;Großröhrsdorf_SPD_2024.txt;DOC-9980855cd1d3;USE-a9d58e5c3a8a;14625200;local_cities_components
Göppingen_AfD_2024.txt;118946f3df03af1218e1a694fae5da77a0fde9d3cb78ea02508a945468d14fa4;2881;anderes kommunales Wahlprogramm;Landkreis und Gemeinden;explizite Doppeladressierung Kreis/Gemeinden;Göppingen;AfD;2024.0;yes;Göppingen_AfD_2024.txt;DOC-118946f3df03;USE-db36be23f708;08117026;local_cities_components
Görlitz_Grüne_2024.txt;3d061a69ce2c310ea7c5e5dc61d2b276ec301cae4c7e9d41c08e2071cf9297ef;19421;anderes kommunales Wahlprogramm;Landkreis und Gemeinden;explizite Doppeladressierung Kreis/Gemeinden;Görlitz;Grüne;2024.0;yes;Görlitz_Grüne_2024.txt;DOC-3d061a69ce2c;USE-6222aa2c2a6b;14626110;local_cities_components
Görlitz_Linke_2024.txt;37873c951f5f5600a8f3d57b93c0d7b0472c521902ac969e960791df5ef58ef2;24709;anderes kommunales Wahlprogramm;Landkreis;expliziter Kreis-/Landkreisbezug;Görlitz;Linke;2024.0;yes;Görlitz_Linke_2024.txt;DOC-37873c951f5f;USE-f3d18a08c577;14626110;local_cities_components
Güstrow_CDU_2024.txt;7e20e0e7e98f4d37e3ee6ef19b337148bd10e8fc6c2fed8951d7768abae3cc03;6925;anderes kommunales Wahlprogramm;Landkreis und Gemeinden;explizite Doppeladressierung Kreis/Gemeinden;Güstrow;CDU;2024.0;yes;Güstrow_CDU_2024.txt;DOC-7e20e0e7e98f;USE-f9a7829910bf;13072043;local_cities_components
Güstrow_Grüne_2024.txt;2ff6e5a06c770708c7dda92d3c9711aaa354b6ac3a5970d4ce036fb99f1bab44;12273;anderes kommunales Wahlprogramm;Landkreis und Gemeinden;explizite Doppeladressierung Kreis/Gemeinden;Güstrow;Grüne;2024.0;yes;Güstrow_Grüne_2024.txt;DOC-2ff6e5a06c77;USE-d40d36cea880;13072043;local_cities_components
Güstrow_Linke_2024.txt;4933172e7e74799a795abfc625d073b30efe4f2357ac8ca152e3ca9cb1095661;3933;anderes kommunales Wahlprogramm;Landkreis;expliziter Kreis-/Landkreisbezug;Güstrow;Linke;2024.0;yes;Güstrow_Linke_2024.txt;DOC-4933172e7e74;USE-6344e3c229f4;13072043;local_cities_components
Güstrow_SPD_2024.txt;904acce393ad0e3153173ff02f2b39e888f396587cf009cb1283ccab899aa566;33821;anderes kommunales Wahlprogramm;Landkreis und Gemeinden;explizite Doppeladressierung Kreis/Gemeinden;Güstrow;SPD;2024.0;yes;Güstrow_SPD_2024.txt;DOC-904acce393ad;USE-0cabf54c0ce1;13072043;local_cities_components
Hagenow_CDU_2024.txt;6e97cc3357b4aba968d105417173f54ed50042036eae8421fe9dcbb6ff54438d;56976;anderes kommunales Wahlprogramm;Landkreis und Gemeinden;explizite Doppeladressierung Kreis/Gemeinden;Hagenow;CDU;2024.0;yes;Hagenow_CDU_2024.txt;DOC-6e97cc3357b4;USE-ad99d9044c0b;13076060;local_cities_components
Hagenow_FDP_2024.txt;450c5d92b2751cdf5b4b7574c5dec0a8947c30a00c7f4aecf2deebe726673d72;2666;anderes kommunales Wahlprogramm;Landkreis;expliziter Kreis-/Landkreisbezug;Hagenow;FDP;2024.0;yes;Hagenow_FDP_2024.txt;DOC-450c5d92b275;USE-7e720f948f76;13076060;local_cities_components
Hagenow_Linke_2024.txt;78e7e5c7a48190cb6641e7d321d2f4541c2305bb45d1c5a78409023bb3f9e8d2;13257;anderes kommunales Wahlprogramm;Landkreis und Gemeinden;explizite Doppeladressierung Kreis/Gemeinden;Hagenow;Linke;2024.0;yes;Hagenow_Linke_2024.txt|Ludwigslust_Linke_2024.txt;DOC-78e7e5c7a481;USE-00426dc5fde9|USE-e766f3db113f;13076060;local_cities_components
Haldensleben_AfD_2024.txt;1628e78a05ede544b9a5c5ca9b27759f843517a6dd7e01d286e661ee846bdeee;29767;anderes kommunales Wahlprogramm;Landkreis und Gemeinden;explizite Doppeladressierung Kreis/Gemeinden;Haldensleben;AfD;2024.0;yes;Haldensleben_AfD_2024.txt;DOC-1628e78a05ed;USE-ce770188b46e;15083270;local_cities_components
Haldensleben_CDU_2024.txt;64e15fb33566f094601fd8c84558c6d8bb53948f25c2d34c02b57874e819e68d;13269;anderes kommunales Wahlprogramm;Landkreis und Gemeinden;explizite Doppeladressierung Kreis/Gemeinden;Haldensleben;CDU;2024.0;yes;Haldensleben_CDU_2024.txt;DOC-64e15fb33566;USE-d881ed2410b2;15083270;local_cities_components
Heidenheim an der Brenz_AfD_2024.txt;9f63ebf7b52109d6bbee55515447764044e9fe9a749e1ffcfd4c8694670f63a6;27500;anderes kommunales Wahlprogramm;Landkreis und Gemeinden;explizite Doppeladressierung Kreis/Gemeinden;Heidenheim an der Brenz;AfD;2024.0;yes;Heidenheim an der Brenz_AfD_2024.txt;DOC-9f63ebf7b521;USE-cf2460432d4e;08135019;local_cities_components
Heilbronn_AfD_2024.txt;0772d16c12dba98943c272bf5fe79935e5fde4719201fad36f6eed8445249f55;1196;anderes kommunales Wahlprogramm;Landkreis;expliziter Kreis-/Landkreisbezug;Heilbronn;AfD;2024.0;yes;Heilbronn_AfD_2024.txt;DOC-0772d16c12db;USE-4ffb4215f435;08121000;local_cities_components
Heilbronn_Grüne_2024.txt;7c26025f1d538252a57ca307cb57ce7ec1a50fe8281841227ca79477684b073c;1335;anderes kommunales Wahlprogramm;Landkreis;expliziter Kreis-/Landkreisbezug;Heilbronn;Grüne;2024.0;yes;Heilbronn_Grüne_2024.txt;DOC-7c26025f1d53;USE-9ddb8a55e65a;08121000;local_cities_components
Heilbronn_Linke_2024.txt;5325505ab3a68302e1907ba8b22c56036fba5ae53ccb8b3905e91249c82ef10b;32791;anderes kommunales Wahlprogramm;Landkreis und Gemeinden;explizite Doppeladressierung Kreis/Gemeinden;Heilbronn;Linke;2024.0;yes;Heilbronn_Linke_2024.txt;DOC-5325505ab3a6;USE-2198b1d54729;08121000;local_cities_components
Heringsdorf_SPD_2024.txt;9caee34c22b32bb257d3481046022814388ddc4b64b938be5c95e1cfb889485c;19087;anderes kommunales Wahlprogramm;Landkreis und Gemeinden;explizite Doppeladressierung Kreis/Gemeinden;Heringsdorf;SPD;2024.0;yes;Heringsdorf_SPD_2024.txt;DOC-9caee34c22b3;USE-ed561dfc0584;13075049;local_cities_components
Hohenmölsen_Grüne_2024.txt;2dd6281ace9f434a6def432dc91890c5e30cea16fbb706444dc50eee03506662;9697;anderes kommunales Wahlprogramm;Landkreis;expliziter Kreis-/Landkreisbezug;Hohenmölsen;Grüne;2024.0;yes;Hohenmölsen_Grüne_2024.txt;DOC-2dd6281ace9f;USE-f77a043e5ec6;15084235;local_cities_components
Hohenmölsen_Linke_2024.txt;4b4802cfde74aefbae491887eb143bc65cff294a0546cbbaff8c0f47ef645c39;12425;anderes kommunales Wahlprogramm;Landkreis und Gemeinden;explizite Doppeladressierung Kreis/Gemeinden;Hohenmölsen;Linke;2024.0;yes;Hohenmölsen_Linke_2024.txt;DOC-4b4802cfde74;USE-250b06510d35;15084235;local_cities_components
Kaiserslautern_FDP_2024.txt;fdc45c506098d5b6d460dcc3509989316cdf7e7b84783545fe9a8463bc8f38ca;136031;anderes kommunales Wahlprogramm;Land;Landesverband/Landesebene explizit;Kaiserslautern;FDP;2024.0;yes;Kaiserslautern_FDP_2024.txt;DOC-fdc45c506098;USE-8328d7effc8c;07312000;local_cities_components
Königsee_CDU_2024.txt;216e477f75aa78c9b5afaf2ce7c0bb9aabb0ab1233ba15ea358e6b34efacb2fd;4550;anderes kommunales Wahlprogramm;Landkreis;expliziter Kreis-/Landkreisbezug;Königsee;CDU;2024.0;yes;Königsee_CDU_2024.txt;DOC-216e477f75aa;USE-debc5e3cf74e;16073112;local_cities_components
Laage_CDU_2024.txt;4f743a4e52f955f6b16ac1c4a93940daf1309b9f508b14d2d7d9980fab447b13;6881;anderes kommunales Wahlprogramm;Landkreis und Gemeinden;explizite Doppeladressierung Kreis/Gemeinden;Laage;CDU;2024.0;yes;Laage_CDU_2024.txt;DOC-4f743a4e52f9;USE-8ec337cb0c34;13072062;local_cities_components
Lahnstein_Linke_2024.txt;2f7f7f9fe3930343848d33ad55fbbed111d999c28cc700b691e7f6f1e45eafa1;22606;anderes kommunales Wahlprogramm;Land;Die Linke Rheinland-Pfalz kommunalpolitische Eckpunkte;Lahnstein;Linke;2024.0;yes;Lahnstein_Linke_2024.txt;DOC-2f7f7f9fe393;USE-ec5f2f7b3eb8;07141075;local_cities_components
Lauta_AfD_2024.txt;4009b72e0316bdd6b8b48ae8a629caa50314245f665a855ebba7e26d83f559c2;29915;anderes kommunales Wahlprogramm;Landkreis und Gemeinden;explizite Doppeladressierung Kreis/Gemeinden;Lauta;AfD;2024.0;yes;Lauta_AfD_2024.txt;DOC-4009b72e0316;USE-ec7c5b11cc9a;14625310;local_cities_components
Lauta_CDU_2024.txt;fc614cff9b553187171f80527a7766f7521571db2bfb21f0cef9760ccd4b6755;17202;anderes kommunales Wahlprogramm;Landkreis und Gemeinden;explizite Doppeladressierung Kreis/Gemeinden;Lauta;CDU;2024.0;yes;Lauta_CDU_2024.txt;DOC-fc614cff9b55;USE-2a78c6914241;14625310;local_cities_components
Lauta_Linke_2024.txt;e73fe15f0c374567ac966ecac93e86a5f7d1158cf2da798e1a0a71fcc0794eb0;13080;anderes kommunales Wahlprogramm;Land;Landesverband/Landesebene explizit;Lauta;Linke;2024.0;yes;Lauta_Linke_2024.txt;DOC-e73fe15f0c37;USE-699f5c92834b;14625310;local_cities_components
Lauter-Bernsbach_CDU_2024.txt;565b534196c03172c7ef22c3c617c335ac4e74ec9d4e19d958f5408bd06c72b0;17574;anderes kommunales Wahlprogramm;Landkreis und Gemeinden;explizite Doppeladressierung Kreis/Gemeinden;Lauter-Bernsbach;CDU;2024.0;yes;Lauter-Bernsbach_CDU_2024.txt;DOC-565b534196c0;USE-ee51ede12c1e;14521355;local_cities_components
Leinefelde-Worbis_CDU_2024.txt;7bfd2223e6289aa7000ba45a1faeb891f215ed511ea629ecca3845f83fa380d8;3249;anderes kommunales Wahlprogramm;Landkreis;expliziter Kreis-/Landkreisbezug;Leinefelde-Worbis;CDU;2024.0;yes;Leinefelde-Worbis_CDU_2024.txt;DOC-7bfd2223e628;USE-de306657f1b6;16061115;local_cities_components
Leipzig_Freie Sachsen_2024.txt;382e33ef7f6725ecea59ea60704c27b66f07ad8405154e12de0df68c3490b27d;18123;Grundsatzprogramm;Landkreis;expliziter Kreis-/Landkreisbezug;Leipzig;Freie Sachsen;2024.0;yes;Leipzig_Freie Sachsen_2024.txt;DOC-382e33ef7f67;USE-4017c38015c2;14713000;local_cities_components
Lossatal_AfD_2024.txt;78d033ab515560d73bf7cfe372e52e1a696b4010e9b968eb3585810ac567e118;17215;anderes kommunales Wahlprogramm;Landkreis und Gemeinden;explizite Doppeladressierung Kreis/Gemeinden;Bad Lausick;AfD;2024.0;yes;Bad Lausick_AfD_2024.txt|Lossatal_AfD_2024.txt;DOC-78d033ab5155;USE-8d457eb53988|USE-58b98984df4d;14729010;local_cities_components
Lossatal_CDU_2024.txt;bf706ea66dc5be9237f1cda39acc29f24248f6638c9ec98ab03a500788e70f80;22378;anderes kommunales Wahlprogramm;Landkreis und Gemeinden;explizite Doppeladressierung Kreis/Gemeinden;Lossatal;CDU;2024.0;yes;Lossatal_CDU_2024.txt|Bad Lausick_CDU_2024.txt;DOC-bf706ea66dc5;USE-8bde3143e5ce|USE-baa0f6acfcb1;14729245;local_cities_components
Lossatal_Linke_2024.txt;44c563e5310f3d2772cd43658a6071cf54067c65600aecc365429b738759bd87;6651;anderes kommunales Wahlprogramm;Landkreis und Gemeinden;explizite Doppeladressierung Kreis/Gemeinden;Lossatal;Linke;2024.0;yes;Lossatal_Linke_2024.txt|Bad Lausick_Linke_2024.txt;DOC-44c563e5310f;USE-ca622aec7de6|USE-2cb108c9e424;14729245;local_cities_components
Ludwigsburg_AfD_2024.txt;f991325477b0400f260d3738884ee6ef66c36fb610c20e862b9b66142506a801;13182;Grundsatzprogramm;Landkreis;expliziter Kreis-/Landkreisbezug;Ludwigsburg;AfD;2024.0;yes;Ludwigsburg_AfD_2024.txt;DOC-f991325477b0;USE-a0e53fb4d740;08118048;local_cities_components
Ludwigshafen am Rhein_FDP_2024.txt;6e9fdffe06155d723c5da85085939762e1dc921a8f1cff46d546dc0a1b078ece;134034;anderes kommunales Wahlprogramm;Land;Landesverband/Landesebene explizit;Ludwigshafen am Rhein;FDP;2024.0;yes;Ludwigshafen am Rhein_FDP_2024.txt;DOC-6e9fdffe0615;USE-941ba49b8e9b;07314000;local_cities_components
Ludwigshafen am Rhein_Linke_2024.txt;e03cebd5b499449bd205a008c82fd593206e6b92c644685273fa247b9e3e60ce;22206;anderes kommunales Wahlprogramm;Land;Die Linke Rheinland-Pfalz kommunalpolitische Eckpunkte;Ludwigshafen am Rhein;Linke;2024.0;yes;Ludwigshafen am Rhein_Linke_2024.txt;DOC-e03cebd5b499;USE-5994c5ee2943;07314000;local_cities_components
Ludwigslust_CDU_2024.txt;ac5909af7a4e2b31c9914a2c3adeab0b1ba1911eedba8945c69b5193c930559d;56155;anderes kommunales Wahlprogramm;Landkreis und Gemeinden;explizite Doppeladressierung Kreis/Gemeinden;Ludwigslust;CDU;2024.0;yes;Ludwigslust_CDU_2024.txt;DOC-ac5909af7a4e;USE-52f12193ae58;13076090;local_cities_components
Ludwigslust_Linke_2024.txt;78e7e5c7a48190cb6641e7d321d2f4541c2305bb45d1c5a78409023bb3f9e8d2;13257;anderes kommunales Wahlprogramm;Landkreis und Gemeinden;explizite Doppeladressierung Kreis/Gemeinden;Hagenow;Linke;2024.0;yes;Hagenow_Linke_2024.txt|Ludwigslust_Linke_2024.txt;DOC-78e7e5c7a481;USE-00426dc5fde9|USE-e766f3db113f;13076060;local_cities_components
Ludwigslust_SPD_2024.txt;f0d5daa86cae21cf59418d60964958591c5d7f1ba68e24e98bf97ed144b485d4;39557;anderes kommunales Wahlprogramm;Landkreis und Gemeinden;explizite Doppeladressierung Kreis/Gemeinden;Ludwigslust;SPD;2024.0;yes;Ludwigslust_SPD_2024.txt;DOC-f0d5daa86cae;USE-7a000c40b94c;13076090;local_cities_components
Mengen_FWG_2024.txt;8823beea937f771944e0ffa2824a8bda14836d95c4ba5d37539f1fda8f42c4e5;3789;anderes kommunales Wahlprogramm;Landkreis und Gemeinden;explizite Doppeladressierung Kreis/Gemeinden;Mengen;FWG;2024.0;yes;Mengen_FWG_2024.txt;DOC-8823beea937f;USE-fa88f5623a3c;08437076;local_cities_components
Mengen_Grüne_2024.txt;b9b466f5efbd37f0302078ab44b6cab539e56f7421e027da097870ec8d7124da;3085;anderes kommunales Wahlprogramm;Gemeinde;local programme explicitly naming municipalities in the Sigmaringen area;Mengen;Grüne;2024.0;yes;Mengen_Grüne_2024.txt;DOC-b9b466f5efbd;USE-e6cc78750b41;08437076;local_cities_components
Mettlach_CDU_2024.txt;1df4a66de472e56381dd982b4f5001befd0a113d6bb389e39f61c67f62cb007f;17306;anderes kommunales Wahlprogramm;Landkreis und Gemeinden;explizite Doppeladressierung Kreis/Gemeinden;Mettlach;CDU;2024.0;yes;Mettlach_CDU_2024.txt;DOC-1df4a66de472;USE-9187413cd967;10042114;local_cities_components
Mettlach_Grüne_2024.txt;5a88a991df9c4b20b9bc1b5c93489e98a2169fd595e773442cc7448aa4a7d78f;12131;anderes kommunales Wahlprogramm;Landkreis und Gemeinden;explizite Doppeladressierung Kreis/Gemeinden;Mettlach;Grüne;2024.0;yes;Mettlach_Grüne_2024.txt;DOC-5a88a991df9c;USE-dc4252961488;10042114;local_cities_components
Möckern_AfD_2024.txt;14342ae85dbd6da33be67c2ee3149d017122c989ae52d081ac5f7a55b1a8b17f;9385;anderes kommunales Wahlprogramm;Landkreis und Gemeinden;explizite Doppeladressierung Kreis/Gemeinden;Möckern;AfD;2024.0;yes;Möckern_AfD_2024.txt;DOC-14342ae85dbd;USE-f18b2b4e2469;15086140;local_cities_components
Möckern_Grüne_2024.txt;5741114962101ba3de06eab0c14fd7a11ac688a97665b5c26b9cf710c3bcd121;57625;anderes kommunales Wahlprogramm;Landkreis und Gemeinden;explizite Doppeladressierung Kreis/Gemeinden;Möckern;Grüne;2024.0;yes;Möckern_Grüne_2024.txt;DOC-574111496210;USE-28ff584e3223;15086140;local_cities_components
Möckern_SPD_2024.txt;430255e4e79580ae66dbe9b4fdff13f30cec0acaaba1fb271b9f30f20f8a6180;4883;anderes kommunales Wahlprogramm;Landkreis;expliziter Kreis-/Landkreisbezug;Möckern;SPD;2024.0;yes;Möckern_SPD_2024.txt;DOC-430255e4e795;USE-0266b028b864;15086140;local_cities_components
Neubrandenburg_CDU_2024.txt;0c584e6f6683b05a86981f3d81821218e87b2f9eb6490f0ae11cf378faf7a5ef;12031;anderes kommunales Wahlprogramm;Landkreis und Gemeinden;explizite Doppeladressierung Kreis/Gemeinden;Neubrandenburg;CDU;2024.0;yes;Neubrandenburg_CDU_2024.txt;DOC-0c584e6f6683;USE-68daaf2f4b05;13071107;local_cities_components
Neustadt-Glewe_CDU_2024.txt;abaaa5259d0242091af6f85f3a99f03c70643f5ab4171d66141d16ebfd852a70;56889;anderes kommunales Wahlprogramm;Landkreis und Gemeinden;explizite Doppeladressierung Kreis/Gemeinden;Neustadt-Glewe;CDU;2024.0;yes;Neustadt-Glewe_CDU_2024.txt;DOC-abaaa5259d02;USE-9176cdb341c6;13076105;local_cities_components
Neustadt-Glewe_SPD_2024.txt;bc909a31de3ae58b95f14468c65350172ccc032027151d22c2c580affe17339a;40212;anderes kommunales Wahlprogramm;Landkreis und Gemeinden;explizite Doppeladressierung Kreis/Gemeinden;Neustadt-Glewe;SPD;2024.0;yes;Neustadt-Glewe_SPD_2024.txt;DOC-bc909a31de3a;USE-5f07d69af80e;13076105;local_cities_components
Neustrelitz_Grüne_2024.txt;a3e09209ef25cfaadc57d99a2df51bb64a5b584fd11e680477a90049549223b4;34042;anderes kommunales Wahlprogramm;Landkreis;expliziter Kreis-/Landkreisbezug;Neustrelitz;Grüne;2024.0;yes;Neustrelitz_Grüne_2024.txt;DOC-a3e09209ef25;USE-eb0f32f95df7;13071110;local_cities_components
Neuwied_Grüne_2024.txt;63dd8f89a059927de246d77daef927928cec46fd0bcb9756b972370f6f6c29ff;21609;anderes kommunales Wahlprogramm;Landkreis;expliziter Kreis-/Landkreisbezug;Neuwied;Grüne;2024.0;yes;Neuwied_Grüne_2024.txt;DOC-63dd8f89a059;USE-28ff95100d78;07138045;local_cities_components
Neuwied_Linke_2024.txt;b3c11769479752b8f451a22baf9a8a494b538ea3333dd4055c804640735fb9ec;21934;anderes kommunales Wahlprogramm;Land;Die Linke Rheinland-Pfalz kommunalpolitische Eckpunkte;Neuwied;Linke;2024.0;yes;Neuwied_Linke_2024.txt;DOC-b3c117694797;USE-72d107151dc9;07138045;local_cities_components
Nobitz_Linke_2024.txt;65118614ed45a4cca77ecd46663eff00f70937f1c9f11e25fe5066383e946e96;19985;anderes kommunales Wahlprogramm;Landkreis und Gemeinden;explizite Doppeladressierung Kreis/Gemeinden;Nobitz;Linke;2024.0;yes;Nobitz_Linke_2024.txt;DOC-65118614ed45;USE-373cf22d3df4;16077036;local_cities_components
Nohfelden_CDU_2024.txt;0d8ac668a7cbaaa204de913acbfbc7b97db185276c73bd70ed0fadd3398d4e7e;54527;anderes kommunales Wahlprogramm;Landkreis;expliziter Kreis-/Landkreisbezug;Nohfelden;CDU;2024.0;yes;Nohfelden_CDU_2024.txt;DOC-0d8ac668a7cb;USE-fe559b0a1989;10046114;local_cities_components
Nohfelden_FDP_2024.txt;19974e010052e6daed7f3cfe1498f83162c863a824e81918f32664629904125e;9571;anderes kommunales Wahlprogramm;Landkreis;expliziter Kreis-/Landkreisbezug;Nohfelden;FDP;2024.0;yes;Nohfelden_FDP_2024.txt;DOC-19974e010052;USE-f2c712e505d1;10046114;local_cities_components
Oberlungwitz_CDU_2024.txt;8b05d5ba390f48c5c1f525e99e45d2028e899dbe7ae05ba4c1367a5471bc81b8;10205;anderes kommunales Wahlprogramm;Landkreis und Gemeinden;explizite Doppeladressierung Kreis/Gemeinden;Reinsdorf;CDU;2024.0;yes;Reinsdorf_CDU_2024.txt|Oberlungwitz_CDU_2024.txt;DOC-8b05d5ba390f;USE-a856db573adc|USE-a35b83d49c2d;14524250;local_cities_components
Oberlungwitz_FDP_2024.txt;366014ccd3c541f2d7e3629277fca7547a30ee05e7d04af24fe8826d2ec6fb32;8675;anderes kommunales Wahlprogramm;Landkreis;expliziter Kreis-/Landkreisbezug;Oberlungwitz;FDP;2024.0;yes;Oberlungwitz_FDP_2024.txt;DOC-366014ccd3c5;USE-974163ca2de1;14524230;local_cities_components
Oberlungwitz_Linke_2024.txt;bd7ffaea0556702ad0f0aca6532dd9f2309e8c6507061c1a193dfb77e725da5a;1854;anderes kommunales Wahlprogramm;Landkreis;expliziter Kreis-/Landkreisbezug;Oberlungwitz;Linke;2024.0;yes;Oberlungwitz_Linke_2024.txt;DOC-bd7ffaea0556;USE-28e44f1260bb;14524230;local_cities_components
Oberlungwitz_SPD_2024.txt;da0f23212ea4cb2b967f32d3612f2e2ddbe90a0ff2adf1bef8ba900394cd28e6;2312;anderes kommunales Wahlprogramm;Landkreis;expliziter Kreis-/Landkreisbezug;Oberlungwitz;SPD;2024.0;yes;Oberlungwitz_SPD_2024.txt|Reinsdorf_SPD_2024.txt;DOC-da0f23212ea4;USE-b82859014745|USE-1a5913e539ec;14524230;local_cities_components
Oebisfelde-Weferlingen_AfD_2024.txt;2fe8e19ee3ccfdbaa931211e457c0f4cc394de72f2bd9487817a957952235456;29254;anderes kommunales Wahlprogramm;Landkreis und Gemeinden;explizite Doppeladressierung Kreis/Gemeinden;Oebisfelde-Weferlingen;AfD;2024.0;yes;Oebisfelde-Weferlingen_AfD_2024.txt;DOC-2fe8e19ee3cc;USE-aaa7a7e9ada8;15083411;local_cities_components
Oebisfelde-Weferlingen_SPD_204.txt;9e07baf5936fb432d600e85d1409abd868813c597a08ed6d6e1e1a379571da3e;5442;anderes kommunales Wahlprogramm;Landkreis und Gemeinden;explizite Doppeladressierung Kreis/Gemeinden;Oebisfelde-Weferlingen;SPD;2024.0;yes;Oebisfelde-Weferlingen_SPD_2024.txt;DOC-9e07baf5936f;USE-bf21e21be18e;15083411;local_cities_components
Offenburg_FDP_2024.txt;0234a24fc96993a5e366a5d3e02a5d2f31cde5d6781a77269a33588a0e82e452;10066;anderes kommunales Wahlprogramm;Landkreis;expliziter Kreis-/Landkreisbezug;Offenburg;FDP;2024.0;yes;Offenburg_FDP_2024.txt;DOC-0234a24fc969;USE-69733d062192;08317096;local_cities_components
Osthofen_AfD_2024.txt;728b8ca7d4bc863206cb61bdac4f65c837503a4edbdbab82dbe6fc64a1705f7c;15988;anderes kommunales Wahlprogramm;Land;Landesverband/Landesebene explizit;Osthofen;AfD;2024.0;yes;Osthofen_AfD_2024.txt;DOC-728b8ca7d4bc;USE-e182b87e5e38;07331055;local_cities_components
Osthofen_Grüne_2024.txt;1e432f46a27b23152fb575ff6d6aaf044e1b30421769059d7fe2e3588615ee82;5403;anderes kommunales Wahlprogramm;Landkreis und Gemeinden;explizite Doppeladressierung Kreis/Gemeinden;Osthofen;Grüne;2024.0;yes;Osthofen_Grüne_2024.txt;DOC-1e432f46a27b;USE-204984bb20bb;07331055;local_cities_components
Plau am See_CDU_2024.txt;0e5bb3545ade354e35eef9e6070ce4f6d0db86596a29dad27f1e6781ac668f4c;56081;anderes kommunales Wahlprogramm;Landkreis und Gemeinden;explizite Doppeladressierung Kreis/Gemeinden;Plau am See;CDU;2024.0;yes;Plau am See_CDU_2024.txt;DOC-0e5bb3545ade;USE-56ebbe241bbf;13076114;local_cities_components
Plau am See_SPD_2024.txt;b96e845ee9d3b63147bfe9d5b19ffd9e9cbd275e9dff05fadeef2e525aa8ec1c;39655;anderes kommunales Wahlprogramm;Landkreis und Gemeinden;explizite Doppeladressierung Kreis/Gemeinden;Plau am See;SPD;2024.0;yes;Plau am See_SPD_2024.txt;DOC-b96e845ee9d3;USE-dca2a2bfd0ce;13076114;local_cities_components
Plauen_FDP_2024.txt;b47b3ed9e15defd2b6687ddd7ef6bf76020c93aa7979b686c3ec2a23e3fcf2a9;19609;anderes kommunales Wahlprogramm;Landkreis und Gemeinden;explizite Doppeladressierung Kreis/Gemeinden;Plauen;FDP;2024.0;yes;Plauen_FDP_2024.txt;DOC-b47b3ed9e15d;USE-522f3d360d1b;14523320;local_cities_components
Plauen_Grüne_2024.txt;d0c22c42b35e74970ddcf4b3d340732bb1b6f6f380945576a2908fc6e7999a2c;5365;anderes kommunales Wahlprogramm;Landkreis;expliziter Kreis-/Landkreisbezug;Plauen;Grüne;2024.0;yes;Plauen_Grüne_2024.txt;DOC-d0c22c42b35e;USE-9b20695415cb;14523320;local_cities_components
Plauen_Linke_2024.txt;de6981a0f3e9aab2ad5b42840e513687ddadc971b433a9f5e2489aed848881d8;4070;anderes kommunales Wahlprogramm;Landkreis;expliziter Kreis-/Landkreisbezug;Plauen;Linke;2024.0;yes;Plauen_Linke_2024.txt;DOC-de6981a0f3e9;USE-e5ab817cda60;14523320;local_cities_components
Premnitz_AfD_2024.txt;e6f218f31a3bc5e20eb6ce9b53f94f0a530ffe3c35b21857bab33a4081966c4e;21618;anderes kommunales Wahlprogramm;Landkreis und Gemeinden;explizite Doppeladressierung Kreis/Gemeinden;Premnitz;AfD;2024.0;yes;Premnitz_AfD_2024.txt;DOC-e6f218f31a3b;USE-a4193ed62689;12063244;local_cities_components
Premnitz_CDU_2024.txt;381504d4e798c971a9b21c7e7c8f1970c10c585385d98a2e115c7bb028aa1700;14499;anderes kommunales Wahlprogramm;Landkreis;expliziter Kreis-/Landkreisbezug;Premnitz;CDU;2024.0;yes;Premnitz_CDU_2024.txt;DOC-381504d4e798;USE-98b5bab17bc8;12063244;local_cities_components
Premnitz_Linke_2024.txt;bf70292f19bf6110aa3400195b6ddcb79b7d1cb4cddaa808cf0fd58bd5880e76;16865;anderes kommunales Wahlprogramm;Landkreis und Gemeinden;explizite Doppeladressierung Kreis/Gemeinden;Premnitz;Linke;2024.0;yes;Premnitz_Linke_2024.txt;DOC-bf70292f19bf;USE-a68ec07fa680;12063244;local_cities_components
Premnitz_SPD_2024.txt;0dac5d878185c1af61a719da0e81452e45968c2d81ddf756308ca59326b0c9c9;27336;anderes kommunales Wahlprogramm;Landkreis;expliziter Kreis-/Landkreisbezug;Premnitz;SPD;2024.0;yes;Premnitz_SPD_2024.txt;DOC-0dac5d878185;USE-51c446b24b15;12063244;local_cities_components
Prüm_CDU_2024.txt;f3ad0b8ef940a5ba4366f7d79849e6a7968becf96664806c8589b6474b3109c8;42373;anderes kommunales Wahlprogramm;Land;Landesverband/Landesebene explizit;Prüm;CDU;2024.0;yes;Prüm_CDU_2024.txt;DOC-f3ad0b8ef940;USE-c0054f94300b;07232296;local_cities_components
Pulsnitz_CDU_2024.txt;c30912839d0914aa6d57f1d8fa694d7f7e98e13c1c22dc29a2db40e7c2804dc4;17194;anderes kommunales Wahlprogramm;Landkreis und Gemeinden;explizite Doppeladressierung Kreis/Gemeinden;Pulsnitz;CDU;2024.0;yes;Pulsnitz_CDU_2024.txt;DOC-c30912839d09;USE-a870238c94a7;14625450;local_cities_components
Pulsnitz_Grüne_2024.txt;91216f0b1069963245f5040d75019583405ff3553ab3868bf9bd41460d9ee819;29548;anderes kommunales Wahlprogramm;Landkreis und Gemeinden;explizite Doppeladressierung Kreis/Gemeinden;Pulsnitz;Grüne;2024.0;yes;Pulsnitz_Grüne_2024.txt;DOC-91216f0b1069;USE-8fca1a208d1a;14625450;local_cities_components
Pößneck_Grüne_2024.txt;7cffaa79a26ece61498c8c0953cd8099df5c1823ac58469433287a58401dc81f;15351;anderes kommunales Wahlprogramm;Landkreis und Gemeinden;explizite Doppeladressierung Kreis/Gemeinden;Pößneck;Grüne;2024.0;yes;Pößneck_Grüne_2024.txt;DOC-7cffaa79a26e;USE-f9201957a1e0;16075085;local_cities_components
Rangsdorf_AfD_2024.txt;cda5cc89bc988dade9e70af0bcde48a1ce043ca761da94b957cf18b1b91979f2;4649;anderes kommunales Wahlprogramm;Landkreis und Gemeinden;explizite Doppeladressierung Kreis/Gemeinden;Rangsdorf;AfD;2024.0;yes;Rangsdorf_AfD_2024.txt;DOC-cda5cc89bc98;USE-3d2d39934c9f;12072340;local_cities_components
Rangsdorf_Linke_2024.txt;ec5c336a097ed86eb817852fd097d9655cad7c3b54ee0ee0f9b692cb5e6014a8;6178;anderes kommunales Wahlprogramm;Landkreis und Gemeinden;explizite Doppeladressierung Kreis/Gemeinden;Rangsdorf;Linke;2024.0;yes;Rangsdorf_Linke_2024.txt;DOC-ec5c336a097e;USE-d088623f816e;12072340;local_cities_components
Ransbach-Baumbach_SPD_2024.txt;4349ca0a40d999260f88279dbf565c31bd3fcba91e8e0953069f24a523a26488;18200;anderes kommunales Wahlprogramm;Landkreis;expliziter Kreis-/Landkreisbezug;Ransbach-Baumbach;SPD;2024.0;yes;Ransbach-Baumbach_SPD_2024.txt;DOC-4349ca0a40d9;USE-2a66f209e78f;07143062;local_cities_components
Reinsdorf_CDU_2024.txt;8b05d5ba390f48c5c1f525e99e45d2028e899dbe7ae05ba4c1367a5471bc81b8;10205;anderes kommunales Wahlprogramm;Landkreis und Gemeinden;explizite Doppeladressierung Kreis/Gemeinden;Reinsdorf;CDU;2024.0;yes;Reinsdorf_CDU_2024.txt|Oberlungwitz_CDU_2024.txt;DOC-8b05d5ba390f;USE-a856db573adc|USE-a35b83d49c2d;14524250;local_cities_components
Reinsdorf_SPD_2024.txt;da0f23212ea4cb2b967f32d3612f2e2ddbe90a0ff2adf1bef8ba900394cd28e6;2312;anderes kommunales Wahlprogramm;Landkreis;expliziter Kreis-/Landkreisbezug;Oberlungwitz;SPD;2024.0;yes;Oberlungwitz_SPD_2024.txt|Reinsdorf_SPD_2024.txt;DOC-da0f23212ea4;USE-b82859014745|USE-1a5913e539ec;14524230;local_cities_components
Rochlitz_CDU_2024.txt;397cf2c678ee03a9e09f57c08d344d8eefc4a9ccbb0a2de2b853b565a4ea0c72;13508;anderes kommunales Wahlprogramm;Landkreis und Gemeinden;explizite Doppeladressierung Kreis/Gemeinden;Rochlitz;CDU;2024.0;yes;Rochlitz_CDU_2024.txt;DOC-397cf2c678ee;USE-1ce6f914a1c2;14522490;local_cities_components
Rochlitz_Linke_2024.txt;9aadc52e99dd48ed1881ca58774e881f6109a831011b8f702627de80a2b5b639;27517;anderes kommunales Wahlprogramm;Landkreis und Gemeinden;explizite Doppeladressierung Kreis/Gemeinden;Rochlitz;Linke;2024.0;yes;Rochlitz_Linke_2024.txt;DOC-9aadc52e99dd;USE-642bf3c9b687;14522490;local_cities_components
Rochlitz_RGG_2024.txt;96e5982584eb7b9093406348879298e78106c4b8d3f5dd643b0f7ca46e858a64;4837;anderes kommunales Wahlprogramm;Gemeinde;expliziter Gemeinde-/Stadtbezug;Rochlitz;RGG;2024.0;yes;Rochlitz_RGG_2024.txt;DOC-96e5982584eb;USE-d0b9f849d5da;14522490;local_cities_components
Rochlitz_SPD_2024.txt;ae46e72972468f06afc024363d63b1fc4a98e011cbf29eb9c529acf195edca58;43602;anderes kommunales Wahlprogramm;Landkreis;expliziter Kreis-/Landkreisbezug;Rochlitz;SPD;2024.0;yes;Rochlitz_SPD_2024.txt;DOC-ae46e7297246;USE-1cbe552fc54d;14522490;local_cities_components
Saalfeld (Saale)_Linke_2024.txt;3227a2031a080438600c218250234ccb6f1ba8d78bdbbf32bad8c0d68a56b09c;9114;anderes kommunales Wahlprogramm;Landkreis und Gemeinden;explizite Doppeladressierung Kreis/Gemeinden;Saalfeld (Saale);Linke;2024.0;yes;Saalfeld (Saale)_Linke_2024.txt;DOC-3227a2031a08;USE-a38e8e4e7659;16073077;local_cities_components
Saalfeld (Saale)_SPD_2024.txt;e475cb87380ef6a4ba9d69ba9d55d8ed9f6ac3d63562f85b625578378a3ab20b;29085;anderes kommunales Wahlprogramm;Landkreis und Gemeinden;explizite Doppeladressierung Kreis/Gemeinden;Saalfeld (Saale);SPD;2024.0;yes;Saalfeld (Saale)_SPD_2024.txt;DOC-e475cb87380e;USE-7f7ff739679f;16073077;local_cities_components
Saarwellingen_CDU_2024.txt;034bfefca7d50fd3246857641e17ef45973b202b2daa8588c773fd15d5efd7b4;20242;anderes kommunales Wahlprogramm;Landkreis und Gemeinden;explizite Doppeladressierung Kreis/Gemeinden;Saarwellingen;CDU;2024.0;yes;Saarwellingen_CDU_2024.txt;DOC-034bfefca7d5;USE-d67d8b8dacdf;10044116;local_cities_components
Salzwedel_Linke_2024.txt;8d2bf842fc2a2a998dd1f0e8de085c7cd1f471e63ca26f68ea7d2d325d646144;6847;anderes kommunales Wahlprogramm;Landkreis und Gemeinden;explizite Doppeladressierung Kreis/Gemeinden;Salzwedel;Linke;2024.0;yes;Salzwedel_Linke_2024.txt;DOC-8d2bf842fc2a;USE-37359b3d0439;15081455;local_cities_components
Sandhausen_FDP_2024.txt;a52357499a58614281f9c07dff7726905a72d3962a791677b7ef90c40c3f3d17;2707;anderes kommunales Wahlprogramm;Landkreis und Gemeinden;explizite Doppeladressierung Kreis/Gemeinden;Sandhausen;FDP;2024.0;yes;Sandhausen_FDP_2024.txt;DOC-a52357499a58;USE-5aceb76e1ea9;08226076;local_cities_components
Sangerhausen_AfD_2024.txt;10cc69a21b68581e3b7761005226bdbf334bf2a012e460889d246c8a8111599b;10678;anderes kommunales Wahlprogramm;Landkreis und Gemeinden;explizite Doppeladressierung Kreis/Gemeinden;Sangerhausen;AfD;2024.0;yes;Sangerhausen_AfD_2024.txt;DOC-10cc69a21b68;USE-956bdcf99de3;15087370;local_cities_components
Sangerhausen_Grüne_2024.txt;a81a34c81251640138f07b9556928b297d0f5c43c1cc9fb938e22d0e7fc5a63f;15174;anderes kommunales Wahlprogramm;Landkreis und Gemeinden;explizite Doppeladressierung Kreis/Gemeinden;Sangerhausen;Grüne;2024.0;yes;Sangerhausen_Grüne_2024.txt;DOC-a81a34c81251;USE-a879e9a05878;15087370;local_cities_components
Schorfheide_SPD_2024.txt;5dfd4e133e27d8c3e0951b3eab12e235dcc50bd6c4d60f0f8c254311ef5f1880;89002;anderes kommunales Wahlprogramm;Landkreis und Gemeinden;explizite Doppeladressierung Kreis/Gemeinden;Schorfheide;SPD;2024.0;yes;Schorfheide_SPD_2024.txt;DOC-5dfd4e133e27;USE-0c771fda97f6;12060198;local_cities_components
Schwaan_CDU_2024.txt;2237a9a20d5bcdab7d5ecfa100ccdd95cc0ff110c21e48d05d404f77e8186345;6934;anderes kommunales Wahlprogramm;Landkreis und Gemeinden;explizite Doppeladressierung Kreis/Gemeinden;Schwaan;CDU;2024.0;yes;Schwaan_CDU_2024.txt;DOC-2237a9a20d5b;USE-3ab8adf266d1;13072095;local_cities_components
Schwaan_Linke_2024.txt;79686d8da0e0106cbaa76125bb5ad0dcd753d75ca1764b6a9cbfe5572be907ea;3905;anderes kommunales Wahlprogramm;Landkreis;expliziter Kreis-/Landkreisbezug;Schwaan;Linke;2024.0;yes;Schwaan_Linke_2024.txt;DOC-79686d8da0e0;USE-999dffd20b32;13072095;local_cities_components
Schwäbisch Gmünd_FDP_2024.txt;3c57ef86131e2be6e11861ed8cb441d3fc4dcda1c0731506b685a8223c856490;99158;anderes kommunales Wahlprogramm;Land;Landesverband/Landesebene explizit;Schwäbisch Gmünd;FDP;2024.0;yes;Schwäbisch Gmünd_FDP_2024.txt;DOC-3c57ef86131e;USE-65edba8eb33c;08136065;local_cities_components
Schwäbisch Gmünd_Grüne_2024.txt;90aecb6427b6eb8d9f0e6e1b7dca075427fe41b327eda343f8fd88d3e652e6d7;62543;anderes kommunales Wahlprogramm;Landkreis;expliziter Kreis-/Landkreisbezug;Schwäbisch Gmünd;Grüne;2024.0;yes;Schwäbisch Gmünd_Grüne_2024.txt;DOC-90aecb6427b6;USE-312bf3e1c672;08136065;local_cities_components
Schwäbisch Gmünd_SPD_2024.txt;21424f5529cccbfc7ab0b62817d133c8f7478077d61138bed0534a2d4dcc12c8;23727;anderes kommunales Wahlprogramm;Landkreis;expliziter Kreis-/Landkreisbezug;Schwäbisch Gmünd;SPD;2024.0;yes;Schwäbisch Gmünd_SPD_2024.txt;DOC-21424f5529cc;USE-a3962227e584;08136065;local_cities_components
Seelow_AfD_2024.txt;afb80bf32bc7d208c7fedc164ec6d93cecbd9d5dcc9e4a867c31c1e2b3aa190d;10817;anderes kommunales Wahlprogramm;Landkreis und Gemeinden;explizite Doppeladressierung Kreis/Gemeinden;Seelow;AfD;2024.0;yes;Seelow_AfD_2024.txt;DOC-afb80bf32bc7;USE-08442ae64129;12064448;local_cities_components
Seelow_CDU_2024.txt;b8dee09fc4aa7ce5a2fdbada4b0bfdfd5ce8c420c080a11dc0eca8e386c3fd32;10154;anderes kommunales Wahlprogramm;Landkreis und Gemeinden;explizite Doppeladressierung Kreis/Gemeinden;Seelow;CDU;2024.0;yes;Seelow_CDU_2024.txt;DOC-b8dee09fc4aa;USE-7150005a8b99;12064448;local_cities_components
Seelow_SPD_2024.txt;d39b6ab8ae3766696574a30a25abacdd76fecc4649fba6fd003d029e6cf1a829;22683;anderes kommunales Wahlprogramm;Landkreis und Gemeinden;explizite Doppeladressierung Kreis/Gemeinden;Seelow;SPD;2024.0;yes;Seelow_SPD_2024.txt;DOC-d39b6ab8ae37;USE-3b9cdc08652c;12064448;local_cities_components
Sonneberg_CDU_2024.txt;b5d1342b85b89439d85b61e8d69c519dde30e8f157bbb47b464bd1689d4c8a7a;6340;anderes kommunales Wahlprogramm;Landkreis;expliziter Kreis-/Landkreisbezug;Sonneberg;CDU;2024.0;yes;Sonneberg_CDU_2024.txt;DOC-b5d1342b85b8;USE-a5441699fd90;16072018;local_cities_components
Sonneberg_Grüne_2024.txt;1f9dd2fe52f65972f0170e236eb1e7765e38086772c483ac6d5ff985dc4d4a39;3920;anderes kommunales Wahlprogramm;Landkreis;expliziter Kreis-/Landkreisbezug;Sonneberg;Grüne;2024.0;yes;Sonneberg_Grüne_2024.txt;DOC-1f9dd2fe52f6;USE-a32d121d0493;16072018;local_cities_components
Staßfurt_Grüne_2024.txt;67798fc26623a30ab16c2e6c611e1445ae07e334c7e60825ed838789167cb87f;4151;anderes kommunales Wahlprogramm;Landkreis und Gemeinden;explizite Doppeladressierung Kreis/Gemeinden;Staßfurt;Grüne;2024.0;yes;Staßfurt_Grüne_2024.txt;DOC-67798fc26623;USE-23ce66284941;15089310;local_cities_components
Staßfurt_SPD_2024.txt;d696d19cd7f9d3c860d5df7cc508227dc2babb4e10e40c32419c6117eb4b1e00;442;anderes kommunales Wahlprogramm;Landkreis;expliziter Kreis-/Landkreisbezug;Staßfurt;SPD;2024.0;yes;Staßfurt_SPD_2024.txt;DOC-d696d19cd7f9;USE-8eaffa0dde10;15089310;local_cities_components
Stralsund_AfD_2024.txt;76dfd5499dddb9715310a54808c4f401816c316c3bf5bb5b28fffdaf1bc7b1ab;16155;anderes kommunales Wahlprogramm;Landkreis;expliziter Kreis-/Landkreisbezug;Stralsund;AfD;2024.0;yes;Stralsund_AfD_2024.txt;DOC-76dfd5499ddd;USE-0b9c4f7fb02c;13073088;local_cities_components
Sundhagen_AfD_2024.txt;b3315a5682a84f7cb95f563e02df74d0808c560821ba1086e558161a459c1403;15814;anderes kommunales Wahlprogramm;Landkreis;expliziter Kreis-/Landkreisbezug;Sundhagen;AfD;2024.0;yes;Sundhagen_AfD_2024.txt;DOC-b3315a5682a8;USE-01dc9f2af803;13073090;local_cities_components
Sundhagen_BKW_2024.txt;9c3b58b5f708906a3c37811916b79fb7334cf7d25f0cab9af40b2cb3b577230a;1253;anderes kommunales Wahlprogramm;Gemeinde;"local municipal campaign programme; local demands dominate";Sundhagen;BKW;2024.0;yes;Sundhagen_BKW_2024.txt;DOC-9c3b58b5f708;USE-8811ef1255ad;13073090;local_cities_components
Sundhagen_CDU_2024.txt;54422068eb189e6eb084047880b444b66674d5376f394b2f42686f1b418c6f21;11675;anderes kommunales Wahlprogramm;Landkreis und Gemeinden;explizite Doppeladressierung Kreis/Gemeinden;Sundhagen;CDU;2024.0;yes;Sundhagen_CDU_2024.txt;DOC-54422068eb18;USE-bf1e5226c408;13073090;local_cities_components
Sundhagen_Linke_2024.txt;0adee750734cbeccecf819b43c4b84c6e1fb55c94aba61b80c52df90cc474b06;18440;anderes kommunales Wahlprogramm;Land;Landesverband/Landesebene explizit;Sundhagen;Linke;2024.0;yes;Sundhagen_Linke_2024.txt;DOC-0adee750734c;USE-ceadb4fb4ee1;13073090;local_cities_components
Sömmerda_CDU_2024.txt;32a0deac1cb97cf98d075f313d5be191cd3c109a4cf616886e81363f1701db06;9955;anderes kommunales Wahlprogramm;Landkreis und Gemeinden;explizite Doppeladressierung Kreis/Gemeinden;Sömmerda;CDU;2024;no;;DOC-32a0deac1cb9;;16068051;local_cities_components
Sömmerda_FDP_2024.txt;feb75a3a5a8313b39e3f685b832f40c799b358d9ceac3acd5fa9ba7459eb3721;1875;anderes kommunales Wahlprogramm;Landkreis;expliziter Kreis-/Landkreisbezug;Sömmerda;FDP;2024.0;yes;Sömmerda_FDP_2024.txt;DOC-feb75a3a5a83;USE-343a4a26b141;16068051;local_cities_components
Sömmerda_Grüne_2024.txt;8e1da8b7249df7934fdbb168965eb1886b37d58ac5ff15fc6d86d7261c894c6e;1089;anderes kommunales Wahlprogramm;Landkreis;expliziter Kreis-/Landkreisbezug;Sömmerda;Grüne;2024.0;yes;Sömmerda_Grüne_2024.txt;DOC-8e1da8b7249d;USE-6e39e52646ec;16068051;local_cities_components
Sömmerda_SPD_2024.txt;a1d4c79030e18cbc7d1bbf02e5a84612fca9963307c252a1f20f30230b45aa12;38555;anderes kommunales Wahlprogramm;Landkreis und Gemeinden;explizite Doppeladressierung Kreis/Gemeinden;Sömmerda;SPD;2024.0;yes;Sömmerda_SPD_2024.txt;DOC-a1d4c79030e1;USE-a8967d3b0bad;16068051;local_cities_components
Tholey_FDP_2024.txt;8750e64ca370a7f8d28efc62e94bf298bdfa662497c3be14b877bdc2ffc8f3a8;9282;anderes kommunales Wahlprogramm;Landkreis;expliziter Kreis-/Landkreisbezug;Tholey;FDP;2024.0;yes;Tholey_FDP_2024.txt;DOC-8750e64ca370;USE-5dfc490b01b9;10046118;local_cities_components
Traben-Trarbach_CDU_2024.txt;070f4d6e31275440d03f34a093074eed50c5454075320a2173dba7e05e0d5b8a;43715;anderes kommunales Wahlprogramm;Land;Landesverband/Landesebene explizit;Traben-Trarbach;CDU;2024;no;;DOC-070f4d6e3127;;07231124;local_cities_components
Traben-Trarbach_FWG_2024.txt;34d92643f9a1b158e14ffc3e28338bad042959551754bffd04448c6bdbe27147;38169;anderes kommunales Wahlprogramm;Landkreis;expliziter Kreis-/Landkreisbezug;Traben-Trarbach;FWG;2024.0;yes;Traben-Trarbach_FWG_2024.txt;DOC-34d92643f9a1;USE-f42c2de6d961;07231124;local_cities_components
Traben-Trarbach_Grüne_2024.txt;f030cc86525b850eff83252a663ce273a64c25777754980e347f6074cc38d342;22513;anderes kommunales Wahlprogramm;Landkreis und Gemeinden;explizite Doppeladressierung Kreis/Gemeinden;Traben-Trarbach;Grüne;2024.0;yes;Traben-Trarbach_Grüne_2024.txt;DOC-f030cc86525b;USE-2ad5a21d3bb6;07231124;local_cities_components
Traben-Trarbach_SPD_2024.txt;d8f4e016eaff4f4a2f030f33e7768b29d8f6967642dcefb4476be45b2fbb4382;41150;anderes kommunales Wahlprogramm;Land;SPD Rheinland-Pfalz kommunalpolitische Leitlinien;Traben-Trarbach;SPD;2024.0;yes;Traben-Trarbach_SPD_2024.txt;DOC-d8f4e016eaff;USE-d42351c0e921;07231124;local_cities_components
Ulm_FWG_2024.txt;e178b73cd6ffc07bb8ad0f28d78e45a68dcccd3711fc82b77ac0d49b5c60b10d;1804;Grundsatzprogramm;übergeordnet;document explicitly headed GRUNDSÄTZE and states general principles of Freie Wähler;Ulm;FWG;2024.0;yes;Ulm_FWG_2024.txt;DOC-e178b73cd6ff;USE-0e184e481292;08421000;local_cities_components
Waiblingen_FWG_2024.txt;db60dd3ea30e0803b8dc21a81fca9b9c85838886902e34adbe97ae1d897341ce;3726;anderes kommunales Wahlprogramm;Region;expliziter Bezug auf Region Stuttgart;Waiblingen;FWG;2024;no;;DOC-db60dd3ea30e;;08119079;local_cities_components
Wallerfangen_Linke_2024.txt;488fb40791990841e8ebf6c4bb61c3be3645940988ba66d83a0d24e23e080c32;5065;anderes kommunales Wahlprogramm;Land;"general Die-Linke Saarland municipal policy programme; not a municipality-specific council programme";Wallerfangen;Linke;2024.0;yes;Wallerfangen_Linke_2024.txt;DOC-488fb4079199;USE-5e33a3866f1c;10044121;local_cities_components
Weiskirchen_CDU_2024.txt;46c0562fb1d7d2ee2f442ecb5c39be659d3e14ea677ebd1c28bfb532ccb4d4a2;17551;anderes kommunales Wahlprogramm;Landkreis und Gemeinden;explizite Doppeladressierung Kreis/Gemeinden;Weiskirchen;CDU;2024.0;yes;Weiskirchen_CDU_2024.txt;DOC-46c0562fb1d7;USE-6377cef443dd;10042117;local_cities_components
Winnweiler_CDU_2024.txt;8d9b1997e8e1dd7f19c9a453ac0045c0a8a253d2d7d79d6b0f52a9a80aeb03d7;42913;anderes kommunales Wahlprogramm;Land;Landesverband/Landesebene explizit;Winnweiler;CDU;2024.0;yes;Winnweiler_CDU_2024.txt;DOC-8d9b1997e8e1;USE-3cc00c455eaa;07333503;local_cities_components
Winnweiler_Grüne_2024.txt;a7450dacb31b9ee3d92f9d0927fcede569cb45c4e214111f2835ec3c61e33e96;22099;anderes kommunales Wahlprogramm;Landkreis und Gemeinden;explizite Doppeladressierung Kreis/Gemeinden;Winnweiler;Grüne;2024.0;yes;Winnweiler_Grüne_2024.txt;DOC-a7450dacb31b;USE-a010057c1bc2;07333503;local_cities_components
Wutha-Farnroda_Linke_2024.txt;d76f417744e7ac046e196abf7bf68d2322f9039d4546475a9fba8dc56ecbc65d;28355;anderes kommunales Wahlprogramm;Landkreis;expliziter Kreis-/Landkreisbezug;Wutha-Farnroda;Linke;2024.0;yes;Wutha-Farnroda_Linke_2024.txt;DOC-d76f417744e7;USE-845a8d416a89;16063092;local_cities_components
Zerbst_AfD_2024.txt;54140f80b3029d79b8ba9c886bd99988b482ad1e444fcd7384703cba6c0247e6;22508;anderes kommunales Wahlprogramm;Landkreis und Gemeinden;explizite Doppeladressierung Kreis/Gemeinden;Zerbst;AfD;2024.0;yes;Zerbst_AfD_2024.txt;DOC-54140f80b302;USE-c21dba8df068;15082430;local_cities_components
Zossen_AfD_2024.txt;e559105e374a4edf769e8b5ddcbddd918447ea29a075eb8ee53139db5c95c805;4631;anderes kommunales Wahlprogramm;Landkreis und Gemeinden;explizite Doppeladressierung Kreis/Gemeinden;Zossen;AfD;2024.0;yes;Zossen_AfD_2024.txt;DOC-e559105e374a;USE-40c759f7500a;12072477;local_cities_components
Zossen_Linke_2024.txt;e2d482956d7831e5475b51650dcea7d2a52d806ac6c594979789ca5a37b87f17;6165;anderes kommunales Wahlprogramm;Landkreis und Gemeinden;explizite Doppeladressierung Kreis/Gemeinden;Zossen;Linke;2024.0;yes;Zossen_Linke_2024.txt;DOC-e2d482956d78;USE-a72edf770090;12072477;local_cities_components
Zschorlau_SPD_2024.txt;d27f9fc881e9b8ad470737b9b74729e43b82935b40daccd815c95d617b8a6ae5;12049;anderes kommunales Wahlprogramm;Landkreis und Gemeinden;"same SPD-Erzgebirge programme; reused across municipalities";Eibenstock;SPD;2024.0;yes;Eibenstock_SPD_2024.txt|Zschorlau_SPD_2024.txt;DOC-d27f9fc881e9;USE-eb06a2f3f113|USE-ea47b72618de;14521170;local_cities_components
Zwickau_FDP_2024.txt;d8f9278fcf9698c6e544ed3227fa73a6b823cc5d214cbee80ac75328e2679ef8;8823;anderes kommunales Wahlprogramm;Landkreis;expliziter Kreis-/Landkreisbezug;Zwickau;FDP;2024.0;yes;Zwickau_FDP_2024.txt;DOC-d8f9278fcf96;USE-401d047ed9ce;14524330;local_cities_components
Zwickau_Linke_2024.txt;2433395ed967bf51ecb7f359dc846e7d4f3b2dc2398476c0f37cbd86d7cb01df;1850;anderes kommunales Wahlprogramm;Landkreis;expliziter Kreis-/Landkreisbezug;Zwickau;Linke;2024.0;yes;Zwickau_Linke_2024.txt;DOC-2433395ed967;USE-1c23d07003c9;14524330;local_cities_components
